average_slowdown,mean_completion_time,p95_completion_time,utilization,task_failure_rate,tasks_arrived,tasks_failed,adaptation_lag_steps,agent_V_epi,agent_V_ale,agent_V_ale_excess,agent_gate_h3,agent_r_int,seed,method,condition
3.3509401483726453,9.630076074145505,38.333333333333314,0.37554253472222227,0.18145602314790624,81.16666666666667,16.0,10.222222222222223,0.08082757020598345,0.07715428061783314,0.013489285483956337,0.6481607936067373,-0.20958669385325426,0,psaim_lite,alternating_hidden_regime
4.005548138187239,11.183761071902675,47.2583333333333,0.37326388888888884,0.2381831448473636,81.0,19.833333333333332,13.0,0.10399685151587408,0.06438194029033184,0.006230242550373077,0.8768174558310292,0.05305179876993127,1,psaim_lite,alternating_hidden_regime
3.2046593459267556,8.936502611768974,29.87499999999999,0.3624131944444444,0.21467274831315042,77.66666666666667,17.0,13.166666666666666,0.06464049454331526,0.0906302606066068,0.02061577762166659,0.9140213192510017,-0.04841375132285284,2,psaim_lite,alternating_hidden_regime
4.015843623688829,11.157616969680015,37.64166666666666,0.3846571180555556,0.23875263812599626,89.33333333333333,22.166666666666668,12.888888888888888,0.05312386147363222,0.08183376615246137,0.002457446108261744,0.6417136069029654,0.01043984988625902,3,psaim_lite,alternating_hidden_regime
2.938025404724901,8.262298836248853,33.733333333333285,0.3479817708333333,0.14880707998651113,72.5,10.833333333333334,11.416666666666666,0.07027020472380081,0.08058961232503255,0.00940007840593656,0.6778238434492833,-0.1106901497631992,4,psaim_lite,alternating_hidden_regime
